topology,P,mean_scope,median_scope,p95_scope,reduction,scope_hit,scope_gold,dense_R2,dense_R5,dense_R20,dense_R50,rel_hard_R2,rel_hard_R5,rel_hard_R20,rel_hard_R50,mlpT_R2,mlpT_R5,mlpT_R20,mlpT_R50,splade_R2,splade_R5,splade_R20,splade_R50,D_L2_R2,D_L2_R5,D_L2_R20,D_L2_R50,D_L2_hit2,D_L2_hit5,D_L2_hit20,D_L2_hit50,routing_loss_2,routing_loss_5,routing_loss_20,routing_loss_50,ranking_loss_2,ranking_loss_5,ranking_loss_20,ranking_loss_50,success_2,success_5,success_20,success_50,best_single,best_R5,coop_2,coop_5,coop_20,coop_50,delta_R2_vs_global,delta_R5_vs_global,delta_R20_vs_global,delta_R50_vs_global,n_queries
A,20,2013.8,2013.5,2028.0,32.71,98.87,89.17,54.33,62.58,67.58,70.42,46.95,52.85,61.67,67.85,46.12,52.78,61.27,67.02,57.98,64.27,68.22,71.7,56.45,68.97,76.35,80.18,96.47,98.33,98.53,98.6,1.13,1.13,1.13,1.13,2.4,0.53,0.33,0.27,96.47,98.33,98.53,98.6,splade,64.27,98.13,98.47,98.67,98.73,-2.08,-2.53,-2.42,-2.2,1500
A,50,5023.4,5023.0,5047.0,13.11,100.0,95.95,55.08,64.03,70.32,73.28,46.98,52.07,60.25,66.68,46.07,52.03,60.28,65.3,60.18,67.42,71.38,73.25,58.32,71.62,78.92,82.77,98.07,99.87,100.0,100.0,0,0,0,0,1.93,0.13,0,0,98.07,99.87,100.0,100.0,splade,67.42,99.67,100.0,100.0,100.0,-0.21,0.12,0.15,0.39,1500
A,100,10032.6,10032.0,10060.0,6.57,100.0,97.48,55.08,64.03,70.27,73.25,46.72,51.6,59.3,65.22,45.72,51.48,59.13,64.33,60.35,67.8,71.67,73.12,58.43,71.7,79.02,82.77,98.07,99.8,100.0,100.0,0,0,0,0,1.93,0.2,0,0,98.07,99.8,100.0,100.0,splade,67.8,99.6,100.0,100.0,100.0,-0.1,0.2,0.25,0.39,1500
B,20,2024.2,2024.0,2040.0,32.54,87.2,69.38,44.8,50.6,54.93,57.58,39.5,45.05,53.22,58.33,39.05,45.38,52.82,57.68,46.68,51.1,54.32,57.73,46.47,55.33,61.22,64.18,83.0,84.67,85.67,86.33,12.8,12.8,12.8,12.8,4.2,2.53,1.53,0.87,83.0,84.67,85.67,86.33,splade,51.1,84.87,85.47,86.47,86.87,-12.06,-16.17,-17.55,-18.2,1500
B,50,5046.0,5046.0,5075.0,13.05,98.53,89.53,53.92,61.55,66.88,69.57,46.7,52.32,60.97,67.1,46.02,52.25,60.52,65.7,57.25,63.13,66.7,69.27,56.28,68.17,74.98,78.7,96.53,98.0,98.07,98.2,1.47,1.47,1.47,1.47,2.0,0.53,0.47,0.33,96.53,98.0,98.07,98.2,splade,63.13,97.93,98.07,98.2,98.27,-2.25,-3.33,-3.79,-3.68,1500
B,100,10073.4,10074.0,10114.0,6.54,99.87,96.25,55.1,63.82,69.98,72.88,47.03,52.28,60.43,66.92,46.02,51.88,60.12,65.25,59.98,66.82,70.72,72.37,58.1,71.27,78.28,82.32,97.93,99.67,99.73,99.87,0.13,0.13,0.13,0.13,1.93,0.2,0.13,0,97.93,99.67,99.73,99.87,splade,66.82,99.47,99.73,99.87,99.87,-0.43,-0.23,-0.49,-0.06,1500
C,20,2018.5,2019.0,2034.0,32.63,87.87,70.13,45.07,50.72,55.27,57.67,39.9,45.23,52.95,57.82,39.28,45.57,52.67,57.08,47.0,51.37,54.95,58.27,46.73,55.72,61.77,64.48,83.53,85.33,86.0,86.33,12.13,12.13,12.13,12.13,4.33,2.53,1.87,1.53,83.53,85.33,86.0,86.33,splade,51.37,85.2,85.73,86.4,87.07,-11.8,-15.78,-17.0,-17.9,1500
C,50,5031.5,5033.0,5054.0,13.09,98.67,90.45,54.08,61.92,67.25,70.23,46.87,52.58,60.97,67.25,46.0,52.15,60.75,66.05,57.45,63.72,67.2,69.8,56.32,68.45,75.73,79.28,96.27,98.2,98.27,98.47,1.33,1.33,1.33,1.33,2.4,0.47,0.4,0.2,96.27,98.2,98.27,98.47,splade,63.72,98.0,98.2,98.47,98.53,-2.21,-3.05,-3.04,-3.1,1500
C,100,10046.9,10049.0,10075.0,6.56,99.8,96.37,55.08,63.87,69.93,72.93,46.95,52.18,60.13,66.23,45.85,51.7,59.93,65.07,59.77,66.63,70.75,72.27,58.12,71.18,78.65,82.33,97.67,99.6,99.6,99.8,0.2,0.2,0.2,0.2,2.13,0.2,0.2,0,97.67,99.6,99.6,99.8,splade,66.63,99.4,99.6,99.8,99.8,-0.41,-0.32,-0.12,-0.05,1500
