dataset,K,router,topology,P,n_test,ANY_GOLD_COV,ALL_GOLD_COV,GOLD_FRAC,mean_scope,median_scope,p95_scope,scope_frac,reduction,ANY_by_hop,ALL_by_hop,N_by_hop
metaqa,25,dense,A,20,39093,81.41,42.22,56.6,2008.8,2009.0,2021.0,0.05,19.99,"{'1': 94.86, '2': 72.65, '3': 81.16}","{'1': 93.16, '2': 35.79, '3': 13.43}","{'1': 9947, '2': 14872, '3': 14274}"
metaqa,25,dense,A,50,39093,88.61,49.41,66.8,5015.1,5015.0,5033.0,0.1249,8.01,"{'1': 99.69, '2': 80.68, '3': 89.15}","{'1': 99.51, '2': 46.2, '3': 17.83}","{'1': 9947, '2': 14872, '3': 14274}"
metaqa,25,dense,A,100,39093,91.97,53.99,74.23,10019.3,10019.0,10041.0,0.2495,4.01,"{'1': 99.82, '2': 85.66, '3': 93.06}","{'1': 99.75, '2': 53.34, '3': 22.78}","{'1': 9947, '2': 14872, '3': 14274}"
metaqa,25,splade,A,20,39093,91.21,54.34,68.87,2012.6,2013.0,2024.0,0.0501,19.95,"{'1': 96.44, '2': 93.78, '3': 84.9}","{'1': 94.29, '2': 64.24, '3': 16.18}","{'1': 9947, '2': 14872, '3': 14274}"
metaqa,25,splade,A,50,39093,96.0,63.21,78.4,5021.3,5021.0,5038.0,0.1251,8.0,"{'1': 99.3, '2': 97.57, '3': 92.07}","{'1': 98.76, '2': 79.61, '3': 21.35}","{'1': 9947, '2': 14872, '3': 14274}"
metaqa,25,splade,A,100,39093,97.83,67.89,84.57,10030.5,10031.0,10052.0,0.2498,4.0,"{'1': 99.66, '2': 98.98, '3': 95.36}","{'1': 99.44, '2': 85.65, '3': 27.4}","{'1': 9947, '2': 14872, '3': 14274}"
metaqa,25,dense+splade,A,20,39093,89.05,49.79,65.2,2011.7,2012.0,2024.0,0.0501,19.96,"{'1': 99.0, '2': 86.42, '3': 84.85}","{'1': 97.93, '2': 50.46, '3': 15.56}","{'1': 9947, '2': 14872, '3': 14274}"
metaqa,25,dense+splade,A,50,39093,95.8,60.49,77.41,5020.8,5021.0,5038.0,0.125,8.0,"{'1': 99.81, '2': 96.45, '3': 92.33}","{'1': 99.63, '2': 71.79, '3': 21.45}","{'1': 9947, '2': 14872, '3': 14274}"
metaqa,25,dense+splade,A,100,39093,97.8,66.81,84.44,10029.9,10030.0,10051.0,0.2498,4.0,"{'1': 99.97, '2': 98.63, '3': 95.42}","{'1': 99.91, '2': 82.77, '3': 27.13}","{'1': 9947, '2': 14872, '3': 14274}"
metaqa,25,dense,B,20,39093,81.69,44.01,58.56,2010.4,2011.0,2028.0,0.0501,19.97,"{'1': 93.92, '2': 73.8, '3': 81.39}","{'1': 92.39, '2': 39.71, '3': 14.77}","{'1': 9947, '2': 14872, '3': 14274}"
metaqa,25,dense,B,50,39093,88.9,50.95,68.02,5020.1,5020.0,5046.0,0.125,8.0,"{'1': 99.62, '2': 81.58, '3': 89.06}","{'1': 99.49, '2': 48.97, '3': 19.17}","{'1': 9947, '2': 14872, '3': 14274}"
metaqa,25,dense,B,100,39093,92.05,54.76,74.42,10034.0,10034.0,10065.0,0.2499,4.0,"{'1': 99.8, '2': 85.96, '3': 93.01}","{'1': 99.71, '2': 54.95, '3': 23.24}","{'1': 9947, '2': 14872, '3': 14274}"
metaqa,25,splade,B,20,39093,91.68,56.26,70.9,2014.4,2015.0,2031.0,0.0502,19.93,"{'1': 96.34, '2': 94.31, '3': 85.7}","{'1': 94.49, '2': 67.67, '3': 17.72}","{'1': 9947, '2': 14872, '3': 14274}"
metaqa,25,splade,B,50,39093,96.17,64.51,79.56,5025.6,5026.0,5051.0,0.1252,7.99,"{'1': 99.25, '2': 97.63, '3': 92.51}","{'1': 98.67, '2': 81.18, '3': 23.34}","{'1': 9947, '2': 14872, '3': 14274}"
metaqa,25,splade,B,100,39093,97.93,68.75,84.95,10038.9,10039.0,10071.0,0.25,4.0,"{'1': 99.68, '2': 99.09, '3': 95.51}","{'1': 99.35, '2': 86.57, '3': 28.86}","{'1': 9947, '2': 14872, '3': 14274}"
metaqa,25,dense+splade,B,20,39093,89.79,51.77,67.35,2013.3,2014.0,2030.0,0.0501,19.94,"{'1': 98.9, '2': 87.78, '3': 85.55}","{'1': 97.82, '2': 54.11, '3': 17.24}","{'1': 9947, '2': 14872, '3': 14274}"
metaqa,25,dense+splade,B,50,39093,95.91,62.0,78.51,5024.8,5025.0,5050.0,0.1251,7.99,"{'1': 99.81, '2': 96.81, '3': 92.27}","{'1': 99.67, '2': 74.08, '3': 23.18}","{'1': 9947, '2': 14872, '3': 14274}"
metaqa,25,dense+splade,B,100,39093,97.87,67.57,84.68,10038.1,10038.0,10071.0,0.25,4.0,"{'1': 99.95, '2': 98.72, '3': 95.53}","{'1': 99.88, '2': 83.73, '3': 28.23}","{'1': 9947, '2': 14872, '3': 14274}"
metaqa,25,dense,C,20,39093,83.18,44.02,59.03,2012.8,2013.0,2029.0,0.0501,19.95,"{'1': 95.23, '2': 75.12, '3': 83.19}","{'1': 93.75, '2': 39.73, '3': 13.84}","{'1': 9947, '2': 14872, '3': 14274}"
metaqa,25,dense,C,50,39093,89.91,50.95,68.87,5027.1,5027.0,5051.0,0.1252,7.99,"{'1': 99.66, '2': 83.04, '3': 90.29}","{'1': 99.53, '2': 49.49, '3': 18.63}","{'1': 9947, '2': 14872, '3': 14274}"
metaqa,25,dense,C,100,39093,93.0,55.25,75.98,10047.1,10047.0,10075.0,0.2502,4.0,"{'1': 99.81, '2': 87.86, '3': 93.62}","{'1': 99.72, '2': 56.54, '3': 22.92}","{'1': 9947, '2': 14872, '3': 14274}"
metaqa,25,splade,C,20,39093,92.47,55.97,71.09,2016.5,2017.0,2031.0,0.0502,19.91,"{'1': 97.07, '2': 94.27, '3': 87.4}","{'1': 95.06, '2': 67.09, '3': 17.16}","{'1': 9947, '2': 14872, '3': 14274}"
metaqa,25,splade,C,50,39093,96.59,64.6,80.24,5031.9,5032.0,5054.0,0.1253,7.98,"{'1': 99.33, '2': 97.9, '3': 93.32}","{'1': 98.78, '2': 81.48, '3': 23.2}","{'1': 9947, '2': 14872, '3': 14274}"
metaqa,25,splade,C,100,39093,98.21,69.18,85.93,10051.8,10052.0,10079.0,0.2504,3.99,"{'1': 99.73, '2': 99.19, '3': 96.14}","{'1': 99.43, '2': 87.05, '3': 29.48}","{'1': 9947, '2': 14872, '3': 14274}"
metaqa,25,dense+splade,C,20,39093,90.59,51.4,67.54,2015.9,2016.0,2031.0,0.0502,19.92,"{'1': 99.09, '2': 88.26, '3': 87.1}","{'1': 98.18, '2': 53.84, '3': 16.25}","{'1': 9947, '2': 14872, '3': 14274}"
metaqa,25,dense+splade,C,50,39093,96.43,61.99,79.24,5032.0,5032.0,5054.0,0.1253,7.98,"{'1': 99.83, '2': 97.24, '3': 93.2}","{'1': 99.62, '2': 74.57, '3': 22.66}","{'1': 9947, '2': 14872, '3': 14274}"
metaqa,25,dense+splade,C,100,39093,98.22,68.02,85.76,10050.7,10051.0,10079.0,0.2503,3.99,"{'1': 99.94, '2': 98.95, '3': 96.27}","{'1': 99.88, '2': 84.44, '3': 28.71}","{'1': 9947, '2': 14872, '3': 14274}"
metaqa,50,dense,A,20,39093,81.2,41.11,56.23,2009.6,2010.0,2022.0,0.0501,19.98,"{'1': 93.17, '2': 73.11, '3': 81.29}","{'1': 89.19, '2': 35.03, '3': 13.94}","{'1': 9947, '2': 14872, '3': 14274}"
metaqa,50,dense,A,50,39093,89.34,50.0,67.9,5015.7,5016.0,5034.0,0.1249,8.01,"{'1': 99.61, '2': 81.84, '3': 89.99}","{'1': 99.31, '2': 46.78, '3': 19.01}","{'1': 9947, '2': 14872, '3': 14274}"
metaqa,50,dense,A,100,39093,92.95,55.91,76.18,10021.4,10021.0,10046.0,0.2496,4.01,"{'1': 99.86, '2': 87.22, '3': 94.12}","{'1': 99.8, '2': 56.21, '3': 25.01}","{'1': 9947, '2': 14872, '3': 14274}"
metaqa,50,splade,A,20,39093,89.22,49.72,65.79,2014.5,2015.0,2026.0,0.0502,19.93,"{'1': 93.68, '2': 90.55, '3': 84.73}","{'1': 89.33, '2': 54.87, '3': 16.75}","{'1': 9947, '2': 14872, '3': 14274}"
metaqa,50,splade,A,50,39093,96.23,63.16,78.93,5023.5,5024.0,5041.0,0.1251,7.99,"{'1': 99.18, '2': 97.57, '3': 92.78}","{'1': 98.56, '2': 77.89, '3': 23.14}","{'1': 9947, '2': 14872, '3': 14274}"
metaqa,50,splade,A,100,39093,98.08,68.53,85.32,10032.3,10032.0,10054.0,0.2499,4.0,"{'1': 99.69, '2': 99.06, '3': 95.94}","{'1': 99.45, '2': 85.54, '3': 29.26}","{'1': 9947, '2': 14872, '3': 14274}"
metaqa,50,dense+splade,A,20,39093,89.1,49.56,65.37,2013.1,2013.0,2025.0,0.0501,19.94,"{'1': 98.46, '2': 85.92, '3': 85.89}","{'1': 96.76, '2': 49.54, '3': 16.69}","{'1': 9947, '2': 14872, '3': 14274}"
metaqa,50,dense+splade,A,50,39093,95.49,59.8,77.34,5022.4,5022.0,5040.0,0.1251,7.99,"{'1': 99.86, '2': 94.99, '3': 92.97}","{'1': 99.65, '2': 68.4, '3': 23.06}","{'1': 9947, '2': 14872, '3': 14274}"
metaqa,50,dense+splade,A,100,39093,98.1,67.75,85.57,10031.2,10031.0,10054.0,0.2498,4.0,"{'1': 99.96, '2': 98.75, '3': 96.13}","{'1': 99.88, '2': 82.76, '3': 29.73}","{'1': 9947, '2': 14872, '3': 14274}"
metaqa,50,dense,B,20,39093,81.58,42.91,58.19,2011.6,2012.0,2029.0,0.0501,19.96,"{'1': 91.83, '2': 74.35, '3': 81.98}","{'1': 88.36, '2': 38.92, '3': 15.41}","{'1': 9947, '2': 14872, '3': 14274}"
metaqa,50,dense,B,50,39093,89.69,51.56,69.03,5021.7,5022.0,5049.0,0.1251,8.0,"{'1': 99.54, '2': 82.49, '3': 90.32}","{'1': 99.32, '2': 49.64, '3': 20.27}","{'1': 9947, '2': 14872, '3': 14274}"
metaqa,50,dense,B,100,39093,92.92,56.58,76.23,10034.1,10035.0,10069.0,0.2499,4.0,"{'1': 99.85, '2': 87.37, '3': 93.88}","{'1': 99.79, '2': 57.73, '3': 25.26}","{'1': 9947, '2': 14872, '3': 14274}"
metaqa,50,splade,B,20,39093,90.42,52.42,68.56,2016.9,2017.0,2033.0,0.0502,19.91,"{'1': 93.75, '2': 92.23, '3': 86.21}","{'1': 89.73, '2': 59.9, '3': 18.63}","{'1': 9947, '2': 14872, '3': 14274}"
metaqa,50,splade,B,50,39093,96.44,64.55,80.15,5028.9,5029.0,5054.0,0.1252,7.98,"{'1': 99.09, '2': 97.8, '3': 93.18}","{'1': 98.42, '2': 79.77, '3': 25.09}","{'1': 9947, '2': 14872, '3': 14274}"
metaqa,50,splade,B,100,39093,98.2,69.73,85.87,10040.7,10041.0,10074.0,0.2501,4.0,"{'1': 99.56, '2': 99.13, '3': 96.28}","{'1': 99.29, '2': 86.77, '3': 31.36}","{'1': 9947, '2': 14872, '3': 14274}"
metaqa,50,dense+splade,B,20,39093,89.88,51.7,67.63,2015.0,2015.0,2032.0,0.0502,19.93,"{'1': 98.32, '2': 87.11, '3': 86.89}","{'1': 96.96, '2': 53.36, '3': 18.43}","{'1': 9947, '2': 14872, '3': 14274}"
metaqa,50,dense+splade,B,50,39093,95.9,61.58,78.67,5028.1,5028.0,5054.0,0.1252,7.99,"{'1': 99.74, '2': 96.09, '3': 93.02}","{'1': 99.47, '2': 71.42, '3': 24.93}","{'1': 9947, '2': 14872, '3': 14274}"
metaqa,50,dense+splade,B,100,39093,98.16,68.72,85.85,10041.3,10041.0,10076.0,0.2501,4.0,"{'1': 99.97, '2': 98.86, '3': 96.17}","{'1': 99.9, '2': 83.82, '3': 31.27}","{'1': 9947, '2': 14872, '3': 14274}"
metaqa,50,dense,C,20,39093,83.39,43.04,58.9,2014.1,2014.0,2030.0,0.0502,19.93,"{'1': 93.78, '2': 75.69, '3': 84.17}","{'1': 90.41, '2': 38.8, '3': 14.43}","{'1': 9947, '2': 14872, '3': 14274}"
metaqa,50,dense,C,50,39093,90.8,51.67,70.09,5028.4,5029.0,5053.0,0.1252,7.98,"{'1': 99.61, '2': 84.14, '3': 91.6}","{'1': 99.39, '2': 50.37, '3': 19.78}","{'1': 9947, '2': 14872, '3': 14274}"
metaqa,50,dense,C,100,39093,94.11,57.52,78.05,10046.5,10047.0,10078.0,0.2502,4.0,"{'1': 99.85, '2': 89.32, '3': 95.1}","{'1': 99.78, '2': 59.56, '3': 25.94}","{'1': 9947, '2': 14872, '3': 14274}"
metaqa,50,splade,C,20,39093,91.25,52.44,69.04,2018.7,2019.0,2032.0,0.0503,19.89,"{'1': 95.01, '2': 92.13, '3': 87.7}","{'1': 90.76, '2': 59.49, '3': 18.38}","{'1': 9947, '2': 14872, '3': 14274}"
metaqa,50,splade,C,50,39093,96.97,64.89,81.1,5034.6,5035.0,5056.0,0.1254,7.97,"{'1': 99.32, '2': 97.95, '3': 94.33}","{'1': 98.64, '2': 80.23, '3': 25.37}","{'1': 9947, '2': 14872, '3': 14274}"
metaqa,50,splade,C,100,39093,98.49,70.32,86.94,10053.0,10053.0,10082.0,0.2504,3.99,"{'1': 99.72, '2': 99.26, '3': 96.82}","{'1': 99.42, '2': 87.2, '3': 32.46}","{'1': 9947, '2': 14872, '3': 14274}"
metaqa,50,dense+splade,C,20,39093,91.01,51.53,68.16,2017.6,2018.0,2032.0,0.0503,19.9,"{'1': 98.78, '2': 88.3, '3': 88.43}","{'1': 97.36, '2': 53.5, '3': 17.54}","{'1': 9947, '2': 14872, '3': 14274}"
metaqa,50,dense+splade,C,50,39093,96.45,61.7,79.66,5034.9,5035.0,5057.0,0.1254,7.97,"{'1': 99.8, '2': 96.37, '3': 94.21}","{'1': 99.62, '2': 71.78, '3': 24.77}","{'1': 9947, '2': 14872, '3': 14274}"
metaqa,50,dense+splade,C,100,39093,98.61,69.4,87.14,10053.9,10054.0,10084.0,0.2504,3.99,"{'1': 99.96, '2': 99.12, '3': 97.13}","{'1': 99.91, '2': 84.66, '3': 32.23}","{'1': 9947, '2': 14872, '3': 14274}"
metaqa,100,dense,A,20,39093,80.53,39.72,55.35,2010.5,2011.0,2023.0,0.0501,19.97,"{'1': 91.63, '2': 72.34, '3': 81.32}","{'1': 85.31, '2': 33.62, '3': 14.31}","{'1': 9947, '2': 14872, '3': 14274}"
metaqa,100,dense,A,50,39093,89.84,50.46,68.73,5017.0,5017.0,5036.0,0.125,8.0,"{'1': 99.5, '2': 82.46, '3': 90.79}","{'1': 99.03, '2': 47.25, '3': 19.97}","{'1': 9947, '2': 14872, '3': 14274}"
metaqa,100,dense,A,100,39093,93.49,56.98,77.35,10022.3,10022.0,10047.0,0.2496,4.01,"{'1': 99.9, '2': 88.11, '3': 94.63}","{'1': 99.83, '2': 57.68, '3': 26.39}","{'1': 9947, '2': 14872, '3': 14274}"
metaqa,100,splade,A,20,39093,87.71,47.18,63.81,2016.1,2016.0,2027.0,0.0502,19.92,"{'1': 91.68, '2': 88.18, '3': 84.47}","{'1': 84.81, '2': 50.72, '3': 17.28}","{'1': 9947, '2': 14872, '3': 14274}"
metaqa,100,splade,A,50,39093,96.32,62.75,79.13,5025.7,5026.0,5043.0,0.1252,7.99,"{'1': 99.05, '2': 97.34, '3': 93.36}","{'1': 98.17, '2': 75.75, '3': 24.51}","{'1': 9947, '2': 14872, '3': 14274}"
metaqa,100,splade,A,100,39093,98.27,68.95,85.92,10034.5,10034.0,10057.0,0.2499,4.0,"{'1': 99.63, '2': 99.07, '3': 96.5}","{'1': 99.36, '2': 84.94, '3': 31.11}","{'1': 9947, '2': 14872, '3': 14274}"
metaqa,100,dense+splade,A,20,39093,88.95,49.18,65.27,2014.4,2014.0,2026.0,0.0502,19.93,"{'1': 97.76, '2': 85.71, '3': 86.18}","{'1': 95.36, '2': 48.82, '3': 17.37}","{'1': 9947, '2': 14872, '3': 14274}"
metaqa,100,dense+splade,A,50,39093,95.52,59.65,77.57,5024.0,5024.0,5042.0,0.1251,7.99,"{'1': 99.78, '2': 94.63, '3': 93.48}","{'1': 99.53, '2': 66.93, '3': 24.27}","{'1': 9947, '2': 14872, '3': 14274}"
metaqa,100,dense+splade,A,100,39093,98.25,68.08,86.18,10032.2,10032.0,10056.0,0.2499,4.0,"{'1': 99.94, '2': 98.72, '3': 96.59}","{'1': 99.87, '2': 81.73, '3': 31.7}","{'1': 9947, '2': 14872, '3': 14274}"
metaqa,100,dense,B,20,39093,81.0,41.55,57.32,2012.8,2013.0,2030.0,0.0501,19.95,"{'1': 90.09, '2': 73.93, '3': 82.02}","{'1': 84.28, '2': 37.68, '3': 15.81}","{'1': 9947, '2': 14872, '3': 14274}"
metaqa,100,dense,B,50,39093,90.09,51.99,69.78,5023.8,5024.0,5051.0,0.1251,7.99,"{'1': 99.42, '2': 83.05, '3': 90.91}","{'1': 99.04, '2': 49.97, '3': 21.29}","{'1': 9947, '2': 14872, '3': 14274}"
metaqa,100,dense,B,100,39093,93.46,57.56,77.26,10035.8,10036.0,10072.0,0.25,4.0,"{'1': 99.83, '2': 88.23, '3': 94.49}","{'1': 99.74, '2': 59.14, '3': 26.52}","{'1': 9947, '2': 14872, '3': 14274}"
metaqa,100,splade,B,20,39093,88.82,49.93,66.59,2018.9,2019.0,2035.0,0.0503,19.89,"{'1': 91.32, '2': 89.9, '3': 85.95}","{'1': 85.17, '2': 55.76, '3': 19.29}","{'1': 9947, '2': 14872, '3': 14274}"
metaqa,100,splade,B,50,39093,96.51,64.3,80.41,5032.4,5033.0,5057.0,0.1253,7.98,"{'1': 98.77, '2': 97.64, '3': 93.75}","{'1': 97.84, '2': 77.78, '3': 26.88}","{'1': 9947, '2': 14872, '3': 14274}"
metaqa,100,splade,B,100,39093,98.37,70.23,86.49,10044.9,10045.0,10077.0,0.2502,4.0,"{'1': 99.57, '2': 99.11, '3': 96.76}","{'1': 99.17, '2': 86.14, '3': 33.49}","{'1': 9947, '2': 14872, '3': 14274}"
metaqa,100,dense+splade,B,20,39093,89.85,51.34,67.64,2016.8,2017.0,2033.0,0.0502,19.91,"{'1': 97.5, '2': 87.02, '3': 87.48}","{'1': 95.63, '2': 52.63, '3': 19.13}","{'1': 9947, '2': 14872, '3': 14274}"
metaqa,100,dense+splade,B,50,39093,95.8,61.39,78.78,5031.4,5032.0,5057.0,0.1253,7.98,"{'1': 99.69, '2': 95.37, '3': 93.53}","{'1': 99.4, '2': 69.91, '3': 26.04}","{'1': 9947, '2': 14872, '3': 14274}"
metaqa,100,dense+splade,B,100,39093,98.26,69.12,86.38,10046.2,10046.0,10080.0,0.2502,4.0,"{'1': 99.94, '2': 98.84, '3': 96.49}","{'1': 99.86, '2': 83.2, '3': 33.03}","{'1': 9947, '2': 14872, '3': 14274}"
metaqa,100,dense,C,20,39093,82.76,41.73,58.09,2015.5,2016.0,2031.0,0.0502,19.92,"{'1': 92.18, '2': 74.86, '3': 84.43}","{'1': 86.18, '2': 37.63, '3': 15.02}","{'1': 9947, '2': 14872, '3': 14274}"
metaqa,100,dense,C,50,39093,91.27,52.12,70.91,5030.6,5031.0,5056.0,0.1253,7.98,"{'1': 99.49, '2': 84.94, '3': 92.13}","{'1': 99.15, '2': 50.65, '3': 20.87}","{'1': 9947, '2': 14872, '3': 14274}"
metaqa,100,dense,C,100,39093,94.68,58.59,79.27,10048.6,10049.0,10081.0,0.2503,4.0,"{'1': 99.87, '2': 90.26, '3': 95.66}","{'1': 99.78, '2': 60.97, '3': 27.4}","{'1': 9947, '2': 14872, '3': 14274}"
metaqa,100,splade,C,20,39093,90.03,50.41,67.57,2020.4,2021.0,2034.0,0.0503,19.87,"{'1': 92.91, '2': 90.24, '3': 87.79}","{'1': 86.74, '2': 56.0, '3': 19.27}","{'1': 9947, '2': 14872, '3': 14274}"
metaqa,100,splade,C,50,39093,97.1,64.79,81.55,5037.4,5037.0,5058.0,0.1255,7.97,"{'1': 99.18, '2': 97.87, '3': 94.85}","{'1': 98.3, '2': 78.45, '3': 27.2}","{'1': 9947, '2': 14872, '3': 14274}"
metaqa,100,splade,C,100,39093,98.63,70.98,87.63,10056.5,10057.0,10084.0,0.2505,3.99,"{'1': 99.68, '2': 99.3, '3': 97.2}","{'1': 99.36, '2': 86.83, '3': 34.68}","{'1': 9947, '2': 14872, '3': 14274}"
metaqa,100,dense+splade,C,20,39093,91.12,51.42,68.4,2019.2,2020.0,2033.0,0.0503,19.88,"{'1': 98.34, '2': 88.22, '3': 89.12}","{'1': 96.21, '2': 53.05, '3': 18.52}","{'1': 9947, '2': 14872, '3': 14274}"
metaqa,100,dense+splade,C,50,39093,96.52,61.76,80.02,5037.9,5038.0,5060.0,0.1255,7.97,"{'1': 99.78, '2': 96.01, '3': 94.77}","{'1': 99.5, '2': 70.45, '3': 26.39}","{'1': 9947, '2': 14872, '3': 14274}"
metaqa,100,dense+splade,C,100,39093,98.66,69.92,87.75,10058.8,10059.0,10089.0,0.2505,3.99,"{'1': 99.96, '2': 98.94, '3': 97.48}","{'1': 99.89, '2': 83.8, '3': 34.57}","{'1': 9947, '2': 14872, '3': 14274}"
metaqa,200,dense,A,20,39093,80.09,38.96,54.87,2011.4,2011.0,2023.0,0.0501,19.96,"{'1': 90.67, '2': 71.77, '3': 81.39}","{'1': 82.74, '2': 32.96, '3': 14.71}","{'1': 9947, '2': 14872, '3': 14274}"
metaqa,200,dense,A,50,39093,90.21,50.83,69.31,5018.1,5018.0,5037.0,0.125,8.0,"{'1': 99.49, '2': 82.99, '3': 91.27}","{'1': 98.92, '2': 47.51, '3': 20.78}","{'1': 9947, '2': 14872, '3': 14274}"
metaqa,200,dense,A,100,39093,93.8,57.64,78.05,10023.4,10023.0,10049.0,0.2496,4.01,"{'1': 99.88, '2': 88.48, '3': 95.12}","{'1': 99.8, '2': 58.28, '3': 27.59}","{'1': 9947, '2': 14872, '3': 14274}"
metaqa,200,splade,A,20,39093,86.18,45.27,62.02,2017.2,2017.0,2028.0,0.0502,19.9,"{'1': 89.38, '2': 86.08, '3': 84.04}","{'1': 80.62, '2': 48.18, '3': 17.61}","{'1': 9947, '2': 14872, '3': 14274}"
metaqa,200,splade,A,50,39093,96.35,62.53,79.23,5027.2,5027.0,5044.0,0.1252,7.99,"{'1': 98.91, '2': 97.1, '3': 93.78}","{'1': 97.86, '2': 74.39, '3': 25.54}","{'1': 9947, '2': 14872, '3': 14274}"
metaqa,200,splade,A,100,39093,98.33,69.17,86.28,10035.9,10036.0,10058.0,0.25,4.0,"{'1': 99.59, '2': 98.96, '3': 96.8}","{'1': 99.29, '2': 84.57, '3': 32.14}","{'1': 9947, '2': 14872, '3': 14274}"
metaqa,200,dense+splade,A,20,39093,88.69,48.53,64.91,2015.4,2015.0,2027.0,0.0502,19.92,"{'1': 96.86, '2': 85.25, '3': 86.57}","{'1': 93.6, '2': 47.72, '3': 17.98}","{'1': 9947, '2': 14872, '3': 14274}"
metaqa,200,dense+splade,A,50,39093,95.46,59.56,77.65,5025.3,5025.0,5044.0,0.1252,7.99,"{'1': 99.76, '2': 94.29, '3': 93.69}","{'1': 99.38, '2': 66.06, '3': 25.03}","{'1': 9947, '2': 14872, '3': 14274}"
metaqa,200,dense+splade,A,100,39093,98.32,68.18,86.51,10033.3,10033.0,10057.0,0.2499,4.0,"{'1': 99.95, '2': 98.57, '3': 96.93}","{'1': 99.86, '2': 80.97, '3': 32.79}","{'1': 9947, '2': 14872, '3': 14274}"
metaqa,200,dense,B,20,39093,80.52,40.82,56.79,2014.0,2014.0,2031.0,0.0502,19.94,"{'1': 88.87, '2': 73.22, '3': 82.3}","{'1': 81.63, '2': 37.16, '3': 16.18}","{'1': 9947, '2': 14872, '3': 14274}"
metaqa,200,dense,B,50,39093,90.59,52.47,70.46,5025.8,5026.0,5053.0,0.1252,7.99,"{'1': 99.46, '2': 83.68, '3': 91.61}","{'1': 98.96, '2': 50.51, '3': 22.12}","{'1': 9947, '2': 14872, '3': 14274}"
metaqa,200,dense,B,100,39093,93.78,58.18,77.96,10038.5,10039.0,10075.0,0.25,4.0,"{'1': 99.83, '2': 88.69, '3': 94.86}","{'1': 99.74, '2': 59.7, '3': 27.64}","{'1': 9947, '2': 14872, '3': 14274}"
metaqa,200,splade,B,20,39093,87.83,48.53,65.35,2020.7,2021.0,2036.0,0.0503,19.87,"{'1': 89.47, '2': 88.56, '3': 85.91}","{'1': 81.85, '2': 54.07, '3': 19.53}","{'1': 9947, '2': 14872, '3': 14274}"
metaqa,200,splade,B,50,39093,96.58,64.25,80.64,5035.6,5036.0,5059.0,0.1254,7.97,"{'1': 98.7, '2': 97.51, '3': 94.14}","{'1': 97.67, '2': 76.82, '3': 27.88}","{'1': 9947, '2': 14872, '3': 14274}"
metaqa,200,splade,B,100,39093,98.49,70.62,86.91,10049.0,10049.0,10081.0,0.2503,4.0,"{'1': 99.56, '2': 99.08, '3': 97.12}","{'1': 99.16, '2': 85.82, '3': 34.91}","{'1': 9947, '2': 14872, '3': 14274}"
metaqa,200,dense+splade,B,20,39093,89.72,51.15,67.61,2018.3,2019.0,2034.0,0.0503,19.89,"{'1': 96.66, '2': 86.96, '3': 87.77}","{'1': 94.3, '2': 52.47, '3': 19.72}","{'1': 9947, '2': 14872, '3': 14274}"
metaqa,200,dense+splade,B,50,39093,95.88,61.51,79.03,5034.3,5035.0,5060.0,0.1254,7.98,"{'1': 99.63, '2': 95.23, '3': 93.95}","{'1': 99.25, '2': 69.47, '3': 26.92}","{'1': 9947, '2': 14872, '3': 14274}"
metaqa,200,dense+splade,B,100,39093,98.31,69.35,86.72,10050.4,10051.0,10084.0,0.2503,3.99,"{'1': 99.93, '2': 98.77, '3': 96.7}","{'1': 99.84, '2': 82.63, '3': 34.28}","{'1': 9947, '2': 14872, '3': 14274}"
metaqa,200,dense,C,20,39093,82.3,40.99,57.59,2016.8,2017.0,2033.0,0.0502,19.91,"{'1': 91.27, '2': 73.97, '3': 84.73}","{'1': 83.82, '2': 37.01, '3': 15.28}","{'1': 9947, '2': 14872, '3': 14274}"
metaqa,200,dense,C,50,39093,91.68,52.62,71.65,5032.8,5033.0,5058.0,0.1253,7.98,"{'1': 99.51, '2': 85.46, '3': 92.7}","{'1': 99.05, '2': 51.13, '3': 21.81}","{'1': 9947, '2': 14872, '3': 14274}"
metaqa,200,dense,C,100,39093,95.04,59.29,80.08,10051.6,10052.0,10084.0,0.2503,3.99,"{'1': 99.87, '2': 90.8, '3': 96.08}","{'1': 99.77, '2': 61.69, '3': 28.58}","{'1': 9947, '2': 14872, '3': 14274}"
metaqa,200,splade,C,20,39093,89.05,48.91,66.31,2021.7,2022.0,2035.0,0.0504,19.86,"{'1': 91.55, '2': 88.63, '3': 87.75}","{'1': 83.43, '2': 53.99, '3': 19.55}","{'1': 9947, '2': 14872, '3': 14274}"
metaqa,200,splade,C,50,39093,97.23,64.72,81.84,5039.5,5040.0,5060.0,0.1255,7.97,"{'1': 99.18, '2': 97.78, '3': 95.3}","{'1': 98.14, '2': 77.34, '3': 28.29}","{'1': 9947, '2': 14872, '3': 14274}"
metaqa,200,splade,C,100,39093,98.7,71.35,88.08,10059.6,10060.0,10087.0,0.2505,3.99,"{'1': 99.66, '2': 99.23, '3': 97.48}","{'1': 99.31, '2': 86.5, '3': 36.09}","{'1': 9947, '2': 14872, '3': 14274}"
metaqa,200,dense+splade,C,20,39093,91.1,51.14,68.41,2020.5,2021.0,2034.0,0.0503,19.87,"{'1': 97.71, '2': 88.14, '3': 89.59}","{'1': 94.99, '2': 52.55, '3': 19.1}","{'1': 9947, '2': 14872, '3': 14274}"
metaqa,200,dense+splade,C,50,39093,96.63,62.08,80.43,5040.2,5040.0,5062.0,0.1255,7.97,"{'1': 99.74, '2': 95.96, '3': 95.16}","{'1': 99.41, '2': 70.38, '3': 27.43}","{'1': 9947, '2': 14872, '3': 14274}"
metaqa,200,dense+splade,C,100,39093,98.76,70.26,88.19,10062.5,10063.0,10092.0,0.2506,3.99,"{'1': 99.96, '2': 99.03, '3': 97.64}","{'1': 99.87, '2': 83.43, '3': 35.9}","{'1': 9947, '2': 14872, '3': 14274}"
