dataset,K,router,topology,P,n_test,ANY_GOLD_COV,ALL_GOLD_COV,GOLD_FRAC,mean_scope,median_scope,p95_scope,scope_frac,reduction
musique_clean,25,dense,A,20,1995,99.35,83.66,92.61,2018.5,2019.0,2034.0,0.1476,6.77
musique_clean,25,dense,A,50,1995,99.85,91.73,96.61,5037.5,5038.0,5057.0,0.3685,2.71
musique_clean,25,dense,A,100,1995,99.95,96.59,98.67,10067.9,10070.0,10081.0,0.7364,1.36
musique_clean,25,splade,A,20,1995,98.95,80.7,91.02,2019.4,2020.0,2034.0,0.1477,6.77
musique_clean,25,splade,A,50,1995,99.75,90.03,95.56,5038.3,5039.0,5058.0,0.3685,2.71
musique_clean,25,splade,A,100,1995,99.9,96.14,98.33,10067.1,10069.0,10081.0,0.7363,1.36
musique_clean,25,dense+splade,A,20,1995,99.5,84.21,92.87,2019.2,2019.0,2035.0,0.1477,6.77
musique_clean,25,dense+splade,A,50,1995,99.9,93.98,97.5,5038.1,5039.0,5057.0,0.3685,2.71
musique_clean,25,dense+splade,A,100,1995,99.95,97.84,99.14,10062.3,10063.0,10077.0,0.736,1.36
musique_clean,25,dense,B,20,1995,98.95,83.86,92.47,2019.7,2020.0,2036.0,0.1477,6.77
musique_clean,25,dense,B,50,1995,99.7,91.88,96.47,5038.0,5039.0,5058.3,0.3685,2.71
musique_clean,25,dense,B,100,1995,100.0,96.99,98.8,10051.8,10049.0,10078.0,0.7352,1.36
musique_clean,25,splade,B,20,1995,98.95,79.85,90.49,2019.8,2021.0,2035.0,0.1477,6.77
musique_clean,25,splade,B,50,1995,99.75,90.48,95.68,5039.7,5040.0,5061.0,0.3686,2.71
musique_clean,25,splade,B,100,1995,100.0,96.44,98.57,10054.8,10053.0,10081.0,0.7354,1.36
musique_clean,25,dense+splade,B,20,1995,99.4,83.76,92.55,2021.4,2022.0,2036.3,0.1479,6.76
musique_clean,25,dense+splade,B,50,1995,99.85,93.78,97.31,5040.7,5041.0,5061.0,0.3687,2.71
musique_clean,25,dense+splade,B,100,1995,100.0,98.1,99.23,10058.5,10058.0,10083.0,0.7357,1.36
musique_clean,25,dense,C,20,1995,99.2,83.81,92.69,2018.7,2019.0,2033.0,0.1477,6.77
musique_clean,25,dense,C,50,1995,99.75,92.83,96.92,5028.0,5027.0,5053.0,0.3678,2.72
musique_clean,25,dense,C,100,1995,99.9,97.24,98.78,10048.0,10047.0,10066.0,0.7349,1.36
musique_clean,25,splade,C,20,1995,99.05,82.56,91.97,2019.5,2020.0,2035.0,0.1477,6.77
musique_clean,25,splade,C,50,1995,99.75,91.28,96.15,5030.3,5030.0,5055.0,0.3679,2.72
musique_clean,25,splade,C,100,1995,99.95,96.64,98.51,10048.6,10047.0,10066.0,0.735,1.36
musique_clean,25,dense+splade,C,20,1995,99.45,84.96,93.31,2019.0,2019.0,2033.0,0.1477,6.77
musique_clean,25,dense+splade,C,50,1995,99.85,94.04,97.39,5032.1,5032.0,5054.0,0.3681,2.72
musique_clean,25,dense+splade,C,100,1995,100.0,98.2,99.24,10050.5,10049.0,10069.0,0.7351,1.36
musique_clean,50,dense,A,20,1995,99.4,83.71,92.63,2019.2,2019.0,2034.0,0.1477,6.77
musique_clean,50,dense,A,50,1995,99.9,93.48,97.36,5037.7,5038.0,5057.0,0.3685,2.71
musique_clean,50,dense,A,100,1995,100.0,97.59,99.14,10065.6,10067.0,10081.0,0.7362,1.36
musique_clean,50,splade,A,20,1995,98.8,81.2,91.13,2020.6,2021.0,2035.0,0.1478,6.77
musique_clean,50,splade,A,50,1995,99.7,91.63,96.25,5039.1,5039.0,5060.0,0.3686,2.71
musique_clean,50,splade,A,100,1995,100.0,97.29,98.9,10064.5,10066.0,10081.0,0.7361,1.36
musique_clean,50,dense+splade,A,20,1995,99.35,84.96,93.14,2020.5,2021.0,2035.0,0.1478,6.77
musique_clean,50,dense+splade,A,50,1995,100.0,94.79,97.93,5038.9,5039.0,5059.0,0.3686,2.71
musique_clean,50,dense+splade,A,100,1995,100.0,98.7,99.52,10061.2,10061.0,10078.0,0.7359,1.36
musique_clean,50,dense,B,20,1995,99.15,83.01,92.22,2020.2,2021.0,2036.0,0.1478,6.77
musique_clean,50,dense,B,50,1995,99.9,93.43,97.12,5040.0,5041.0,5061.0,0.3686,2.71
musique_clean,50,dense,B,100,1995,100.0,97.99,99.23,10058.1,10057.0,10081.0,0.7357,1.36
musique_clean,50,splade,B,20,1995,98.85,80.05,90.54,2021.1,2022.0,2036.0,0.1478,6.76
musique_clean,50,splade,B,50,1995,99.65,91.13,95.99,5042.1,5042.0,5063.0,0.3688,2.71
musique_clean,50,splade,B,100,1995,100.0,97.79,99.06,10061.1,10061.0,10083.0,0.7359,1.36
musique_clean,50,dense+splade,B,20,1995,99.4,84.21,92.67,2021.7,2022.0,2037.0,0.1479,6.76
musique_clean,50,dense+splade,B,50,1995,99.85,94.44,97.56,5042.9,5043.0,5063.0,0.3688,2.71
musique_clean,50,dense+splade,B,100,1995,100.0,98.55,99.38,10064.0,10064.0,10085.0,0.7361,1.36
musique_clean,50,dense,C,20,1995,99.35,83.56,92.78,2019.7,2020.0,2034.0,0.1477,6.77
musique_clean,50,dense,C,50,1995,99.9,94.34,97.66,5035.6,5036.0,5057.0,0.3683,2.72
musique_clean,50,dense,C,100,1995,99.95,98.3,99.25,10051.2,10050.0,10071.0,0.7352,1.36
musique_clean,50,splade,C,20,1995,98.95,82.21,91.75,2021.0,2021.0,2035.0,0.1478,6.76
musique_clean,50,splade,C,50,1995,99.8,92.88,96.89,5038.8,5039.0,5059.3,0.3685,2.71
musique_clean,50,splade,C,100,1995,100.0,97.34,98.92,10053.1,10052.0,10073.0,0.7353,1.36
musique_clean,50,dense+splade,C,20,1995,99.5,85.51,93.61,2021.3,2022.0,2036.0,0.1478,6.76
musique_clean,50,dense+splade,C,50,1995,99.95,95.44,98.09,5038.3,5038.0,5059.0,0.3685,2.71
musique_clean,50,dense+splade,C,100,1995,100.0,99.25,99.7,10055.8,10055.0,10075.0,0.7355,1.36
musique_clean,100,dense,A,20,1995,99.45,83.36,92.54,2019.9,2020.0,2034.0,0.1477,6.77
musique_clean,100,dense,A,50,1995,99.85,93.73,97.44,5038.7,5039.0,5060.0,0.3685,2.71
musique_clean,100,dense,A,100,1995,100.0,98.5,99.44,10062.9,10064.0,10080.0,0.736,1.36
musique_clean,100,splade,A,20,1995,98.95,81.1,91.12,2021.4,2022.0,2036.0,0.1479,6.76
musique_clean,100,splade,A,50,1995,99.85,92.78,96.88,5041.4,5041.0,5063.0,0.3687,2.71
musique_clean,100,splade,A,100,1995,100.0,97.94,99.19,10062.7,10063.0,10081.0,0.736,1.36
musique_clean,100,dense+splade,A,20,1995,99.3,85.71,93.54,2021.3,2022.0,2036.0,0.1478,6.76
musique_clean,100,dense+splade,A,50,1995,99.95,94.99,98.02,5041.3,5041.0,5062.0,0.3687,2.71
musique_clean,100,dense+splade,A,100,1995,100.0,98.95,99.62,10061.6,10062.0,10080.0,0.7359,1.36
musique_clean,100,dense,B,20,1995,99.0,82.11,91.59,2021.0,2022.0,2036.0,0.1478,6.76
musique_clean,100,dense,B,50,1995,99.9,93.68,97.25,5040.8,5041.0,5062.0,0.3687,2.71
musique_clean,100,dense,B,100,1995,100.0,98.5,99.42,10062.1,10062.0,10083.0,0.736,1.36
musique_clean,100,splade,B,20,1995,98.2,78.35,89.37,2022.4,2023.0,2038.0,0.1479,6.76
musique_clean,100,splade,B,50,1995,99.8,91.83,96.34,5043.8,5045.0,5065.0,0.3689,2.71
musique_clean,100,splade,B,100,1995,100.0,98.35,99.29,10065.7,10066.0,10086.0,0.7362,1.36
musique_clean,100,dense+splade,B,20,1995,99.25,83.51,92.34,2022.7,2023.0,2037.0,0.1479,6.76
musique_clean,100,dense+splade,B,50,1995,99.9,94.94,97.77,5043.8,5045.0,5064.0,0.3689,2.71
musique_clean,100,dense+splade,B,100,1995,100.0,98.75,99.47,10065.2,10065.0,10086.0,0.7362,1.36
musique_clean,100,dense,C,20,1995,99.3,83.96,92.86,2020.8,2021.0,2035.0,0.1478,6.77
musique_clean,100,dense,C,50,1995,99.95,95.24,98.02,5039.5,5039.0,5059.0,0.3686,2.71
musique_clean,100,dense,C,100,1995,99.95,98.95,99.52,10056.4,10055.0,10077.0,0.7356,1.36
musique_clean,100,splade,C,20,1995,98.65,80.55,90.79,2022.1,2022.0,2036.0,0.1479,6.76
musique_clean,100,splade,C,50,1995,99.9,93.73,97.33,5041.6,5042.0,5061.0,0.3688,2.71
musique_clean,100,splade,C,100,1995,100.0,98.25,99.26,10058.9,10059.0,10078.0,0.7357,1.36
musique_clean,100,dense+splade,C,20,1995,99.6,85.56,93.7,2022.4,2023.0,2036.0,0.1479,6.76
musique_clean,100,dense+splade,C,50,1995,99.95,96.14,98.39,5041.8,5041.0,5062.0,0.3688,2.71
musique_clean,100,dense+splade,C,100,1995,100.0,99.25,99.69,10060.2,10060.0,10080.0,0.7358,1.36
musique_clean,200,dense,A,20,1995,99.25,82.86,92.09,2020.4,2021.0,2034.0,0.1478,6.77
musique_clean,200,dense,A,50,1995,99.9,94.44,97.78,5039.4,5039.0,5061.0,0.3686,2.71
musique_clean,200,dense,A,100,1995,100.0,98.85,99.6,10061.2,10062.0,10079.0,0.7359,1.36
musique_clean,200,splade,A,20,1995,98.65,80.1,90.45,2022.3,2023.0,2037.0,0.1479,6.76
musique_clean,200,splade,A,50,1995,99.8,92.53,96.79,5042.8,5042.0,5065.0,0.3688,2.71
musique_clean,200,splade,A,100,1995,100.0,98.25,99.33,10062.3,10063.0,10080.0,0.736,1.36
musique_clean,200,dense+splade,A,20,1995,99.2,84.86,93.15,2022.2,2022.0,2036.0,0.1479,6.76
musique_clean,200,dense+splade,A,50,1995,99.95,94.94,97.99,5042.5,5043.0,5063.0,0.3688,2.71
musique_clean,200,dense+splade,A,100,1995,100.0,98.85,99.58,10062.3,10063.0,10080.0,0.736,1.36
musique_clean,200,dense,B,20,1995,98.75,81.3,91.0,2021.7,2023.0,2037.0,0.1479,6.76
musique_clean,200,dense,B,50,1995,99.9,94.09,97.46,5041.7,5042.0,5064.0,0.3688,2.71
musique_clean,200,dense,B,100,1995,100.0,98.6,99.45,10064.2,10064.0,10084.0,0.7361,1.36
musique_clean,200,splade,B,20,1995,97.89,76.29,88.11,2023.5,2024.0,2039.0,0.148,6.76
musique_clean,200,splade,B,50,1995,99.8,92.13,96.41,5045.3,5046.0,5067.0,0.369,2.71
musique_clean,200,splade,B,100,1995,99.95,98.05,99.12,10068.2,10068.0,10088.0,0.7364,1.36
musique_clean,200,dense+splade,B,20,1995,99.1,82.91,92.02,2023.6,2024.0,2039.0,0.148,6.76
musique_clean,200,dense+splade,B,50,1995,99.9,94.94,97.79,5044.9,5045.0,5066.0,0.369,2.71
musique_clean,200,dense+splade,B,100,1995,100.0,98.6,99.42,10067.2,10067.0,10088.3,0.7363,1.36
musique_clean,200,dense,C,20,1995,99.1,83.01,92.32,2021.4,2022.0,2035.0,0.1478,6.76
musique_clean,200,dense,C,50,1995,99.9,95.49,98.1,5040.8,5040.0,5060.0,0.3687,2.71
musique_clean,200,dense,C,100,1995,100.0,99.3,99.72,10060.9,10061.0,10079.0,0.7359,1.36
musique_clean,200,splade,C,20,1995,98.45,78.95,90.0,2023.2,2023.0,2038.0,0.148,6.76
musique_clean,200,splade,C,50,1995,99.8,93.98,97.34,5043.6,5044.0,5063.3,0.3689,2.71
musique_clean,200,splade,C,100,1995,100.0,98.6,99.41,10063.4,10063.0,10082.0,0.7361,1.36
musique_clean,200,dense+splade,C,20,1995,99.5,85.01,93.4,2023.4,2024.0,2037.0,0.148,6.76
musique_clean,200,dense+splade,C,50,1995,99.95,96.19,98.43,5043.6,5043.0,5063.0,0.3689,2.71
musique_clean,200,dense+splade,C,100,1995,100.0,99.4,99.75,10063.4,10063.0,10081.0,0.7361,1.36
